date,ncpi_yoy_pct,source
2005-01-01,11.11,Interpolated from FRED annual with seasonal adjustment
2005-02-01,10.95,Interpolated from FRED annual with seasonal adjustment
2005-03-01,11.38,Interpolated from FRED annual with seasonal adjustment
2005-04-01,11.2,Interpolated from FRED annual with seasonal adjustment
2005-05-01,10.75,Interpolated from FRED annual with seasonal adjustment
2005-06-01,11.41,Interpolated from FRED annual with seasonal adjustment
2005-07-01,11.75,Interpolated from FRED annual with seasonal adjustment
2005-08-01,12.34,Interpolated from FRED annual with seasonal adjustment
2005-09-01,12.52,Interpolated from FRED annual with seasonal adjustment
2005-10-01,11.93,Interpolated from FRED annual with seasonal adjustment
2005-11-01,11.33,Interpolated from FRED annual with seasonal adjustment
2005-12-01,13.29,Interpolated from FRED annual with seasonal adjustment
2006-01-01,9.57,Interpolated from FRED annual with seasonal adjustment
2006-02-01,9.42,Interpolated from FRED annual with seasonal adjustment
2006-03-01,9.8,Interpolated from FRED annual with seasonal adjustment
2006-04-01,9.64,Interpolated from FRED annual with seasonal adjustment
2006-05-01,9.25,Interpolated from FRED annual with seasonal adjustment
2006-06-01,9.82,Interpolated from FRED annual with seasonal adjustment
2006-07-01,10.11,Interpolated from FRED annual with seasonal adjustment
2006-08-01,10.62,Interpolated from FRED annual with seasonal adjustment
2006-09-01,10.78,Interpolated from FRED annual with seasonal adjustment
2006-10-01,10.27,Interpolated from FRED annual with seasonal adjustment
2006-11-01,9.75,Interpolated from FRED annual with seasonal adjustment
2006-12-01,11.44,Interpolated from FRED annual with seasonal adjustment
2007-01-01,15.13,Interpolated from FRED annual with seasonal adjustment
2007-02-01,14.9,Interpolated from FRED annual with seasonal adjustment
2007-03-01,15.49,Interpolated from FRED annual with seasonal adjustment
2007-04-01,15.24,Interpolated from FRED annual with seasonal adjustment
2007-05-01,14.63,Interpolated from FRED annual with seasonal adjustment
2007-06-01,15.53,Interpolated from FRED annual with seasonal adjustment
2007-07-01,15.99,Interpolated from FRED annual with seasonal adjustment
2007-08-01,16.79,Interpolated from FRED annual with seasonal adjustment
2007-09-01,17.04,Interpolated from FRED annual with seasonal adjustment
2007-10-01,16.24,Interpolated from FRED annual with seasonal adjustment
2007-11-01,15.41,Interpolated from FRED annual with seasonal adjustment
2007-12-01,18.08,Interpolated from FRED annual with seasonal adjustment
2008-01-01,21.55,Interpolated from FRED annual with seasonal adjustment
2008-02-01,21.22,Interpolated from FRED annual with seasonal adjustment
2008-03-01,22.06,Interpolated from FRED annual with seasonal adjustment
2008-04-01,21.71,Interpolated from FRED annual with seasonal adjustment
2008-05-01,20.84,Interpolated from FRED annual with seasonal adjustment
2008-06-01,22.12,Interpolated from FRED annual with seasonal adjustment
2008-07-01,22.77,Interpolated from FRED annual with seasonal adjustment
2008-08-01,23.92,Interpolated from FRED annual with seasonal adjustment
2008-09-01,24.27,Interpolated from FRED annual with seasonal adjustment
2008-10-01,23.13,Interpolated from FRED annual with seasonal adjustment
2008-11-01,21.96,Interpolated from FRED annual with seasonal adjustment
2008-12-01,25.76,Interpolated from FRED annual with seasonal adjustment
2009-01-01,3.31,Interpolated from FRED annual with seasonal adjustment
2009-02-01,3.26,Interpolated from FRED annual with seasonal adjustment
2009-03-01,3.39,Interpolated from FRED annual with seasonal adjustment
2009-04-01,3.33,Interpolated from FRED annual with seasonal adjustment
2009-05-01,3.2,Interpolated from FRED annual with seasonal adjustment
2009-06-01,3.4,Interpolated from FRED annual with seasonal adjustment
2009-07-01,3.5,Interpolated from FRED annual with seasonal adjustment
2009-08-01,3.67,Interpolated from FRED annual with seasonal adjustment
2009-09-01,3.73,Interpolated from FRED annual with seasonal adjustment
2009-10-01,3.55,Interpolated from FRED annual with seasonal adjustment
2009-11-01,3.37,Interpolated from FRED annual with seasonal adjustment
2009-12-01,3.96,Interpolated from FRED annual with seasonal adjustment
2010-01-01,5.94,Interpolated from FRED annual with seasonal adjustment
2010-02-01,5.85,Interpolated from FRED annual with seasonal adjustment
2010-03-01,6.08,Interpolated from FRED annual with seasonal adjustment
2010-04-01,5.98,Interpolated from FRED annual with seasonal adjustment
2010-05-01,5.74,Interpolated from FRED annual with seasonal adjustment
2010-06-01,6.09,Interpolated from FRED annual with seasonal adjustment
2010-07-01,6.28,Interpolated from FRED annual with seasonal adjustment
2010-08-01,6.59,Interpolated from FRED annual with seasonal adjustment
2010-09-01,6.69,Interpolated from FRED annual with seasonal adjustment
2010-10-01,6.37,Interpolated from FRED annual with seasonal adjustment
2010-11-01,6.05,Interpolated from FRED annual with seasonal adjustment
2010-12-01,7.1,Interpolated from FRED annual with seasonal adjustment
2011-01-01,6.41,Interpolated from FRED annual with seasonal adjustment
2011-02-01,6.32,Interpolated from FRED annual with seasonal adjustment
2011-03-01,6.57,Interpolated from FRED annual with seasonal adjustment
2011-04-01,6.46,Interpolated from FRED annual with seasonal adjustment
2011-05-01,6.2,Interpolated from FRED annual with seasonal adjustment
2011-06-01,6.58,Interpolated from FRED annual with seasonal adjustment
2011-07-01,6.78,Interpolated from FRED annual with seasonal adjustment
2011-08-01,7.12,Interpolated from FRED annual with seasonal adjustment
2011-09-01,7.23,Interpolated from FRED annual with seasonal adjustment
2011-10-01,6.88,Interpolated from FRED annual with seasonal adjustment
2011-11-01,6.54,Interpolated from FRED annual with seasonal adjustment
2011-12-01,7.67,Interpolated from FRED annual with seasonal adjustment
2012-01-01,7.2,Interpolated from FRED annual with seasonal adjustment
2012-02-01,7.09,Interpolated from FRED annual with seasonal adjustment
2012-03-01,7.38,Interpolated from FRED annual with seasonal adjustment
2012-04-01,7.26,Interpolated from FRED annual with seasonal adjustment
2012-05-01,6.97,Interpolated from FRED annual with seasonal adjustment
2012-06-01,7.39,Interpolated from FRED annual with seasonal adjustment
2012-07-01,7.61,Interpolated from FRED annual with seasonal adjustment
2012-08-01,8.0,Interpolated from FRED annual with seasonal adjustment
2012-09-01,8.11,Interpolated from FRED annual with seasonal adjustment
2012-10-01,7.73,Interpolated from FRED annual with seasonal adjustment
2012-11-01,7.34,Interpolated from FRED annual with seasonal adjustment
2012-12-01,8.61,Interpolated from FRED annual with seasonal adjustment
2013-01-01,6.6,Interpolated from FRED annual with seasonal adjustment
2013-02-01,6.5,Interpolated from FRED annual with seasonal adjustment
2013-03-01,6.76,Interpolated from FRED annual with seasonal adjustment
2013-04-01,6.65,Interpolated from FRED annual with seasonal adjustment
2013-05-01,6.38,Interpolated from FRED annual with seasonal adjustment
2013-06-01,6.77,Interpolated from FRED annual with seasonal adjustment
2013-07-01,6.97,Interpolated from FRED annual with seasonal adjustment
2013-08-01,7.32,Interpolated from FRED annual with seasonal adjustment
2013-09-01,7.43,Interpolated from FRED annual with seasonal adjustment
2013-10-01,7.08,Interpolated from FRED annual with seasonal adjustment
2013-11-01,6.72,Interpolated from FRED annual with seasonal adjustment
2013-12-01,7.89,Interpolated from FRED annual with seasonal adjustment
2014-01-01,3.04,Interpolated from FRED annual with seasonal adjustment
2014-02-01,2.99,Interpolated from FRED annual with seasonal adjustment
2014-03-01,3.11,Interpolated from FRED annual with seasonal adjustment
2014-04-01,3.06,Interpolated from FRED annual with seasonal adjustment
2014-05-01,2.94,Interpolated from FRED annual with seasonal adjustment
2014-06-01,3.12,Interpolated from FRED annual with seasonal adjustment
2014-07-01,3.21,Interpolated from FRED annual with seasonal adjustment
2014-08-01,3.37,Interpolated from FRED annual with seasonal adjustment
2014-09-01,3.42,Interpolated from FRED annual with seasonal adjustment
2014-10-01,3.26,Interpolated from FRED annual with seasonal adjustment
2014-11-01,3.09,Interpolated from FRED annual with seasonal adjustment
2014-12-01,3.63,Interpolated from FRED annual with seasonal adjustment
2015-01-01,3.6,Interpolated from FRED annual with seasonal adjustment
2015-02-01,3.54,Interpolated from FRED annual with seasonal adjustment
2015-03-01,3.68,Interpolated from FRED annual with seasonal adjustment
2015-04-01,3.63,Interpolated from FRED annual with seasonal adjustment
2015-05-01,3.48,Interpolated from FRED annual with seasonal adjustment
2015-06-01,3.69,Interpolated from FRED annual with seasonal adjustment
2015-07-01,3.8,Interpolated from FRED annual with seasonal adjustment
2015-08-01,3.99,Interpolated from FRED annual with seasonal adjustment
2015-09-01,4.05,Interpolated from FRED annual with seasonal adjustment
2015-10-01,3.86,Interpolated from FRED annual with seasonal adjustment
2015-11-01,3.67,Interpolated from FRED annual with seasonal adjustment
2015-12-01,4.3,Interpolated from FRED annual with seasonal adjustment
2016-01-01,3.78,Interpolated from FRED annual with seasonal adjustment
2016-02-01,3.72,Interpolated from FRED annual with seasonal adjustment
2016-03-01,3.87,Interpolated from FRED annual with seasonal adjustment
2016-04-01,3.81,Interpolated from FRED annual with seasonal adjustment
2016-05-01,3.66,Interpolated from FRED annual with seasonal adjustment
2016-06-01,3.88,Interpolated from FRED annual with seasonal adjustment
2016-07-01,4.0,Interpolated from FRED annual with seasonal adjustment
2016-08-01,4.2,Interpolated from FRED annual with seasonal adjustment
2016-09-01,4.26,Interpolated from FRED annual with seasonal adjustment
2016-10-01,4.06,Interpolated from FRED annual with seasonal adjustment
2016-11-01,3.85,Interpolated from FRED annual with seasonal adjustment
2016-12-01,4.52,Interpolated from FRED annual with seasonal adjustment
2017-01-01,7.36,Interpolated from FRED annual with seasonal adjustment
2017-02-01,7.24,Interpolated from FRED annual with seasonal adjustment
2017-03-01,7.53,Interpolated from FRED annual with seasonal adjustment
2017-04-01,7.41,Interpolated from FRED annual with seasonal adjustment
2017-05-01,7.11,Interpolated from FRED annual with seasonal adjustment
2017-06-01,7.55,Interpolated from FRED annual with seasonal adjustment
2017-07-01,7.78,Interpolated from FRED annual with seasonal adjustment
2017-08-01,8.17,Interpolated from FRED annual with seasonal adjustment
2017-09-01,8.29,Interpolated from FRED annual with seasonal adjustment
2017-10-01,7.9,Interpolated from FRED annual with seasonal adjustment
2017-11-01,7.5,Interpolated from FRED annual with seasonal adjustment
2017-12-01,8.79,Interpolated from FRED annual with seasonal adjustment
2018-01-01,2.04,Interpolated from FRED annual with seasonal adjustment
2018-02-01,2.01,Interpolated from FRED annual with seasonal adjustment
2018-03-01,2.09,Interpolated from FRED annual with seasonal adjustment
2018-04-01,2.05,Interpolated from FRED annual with seasonal adjustment
2018-05-01,1.97,Interpolated from FRED annual with seasonal adjustment
2018-06-01,2.09,Interpolated from FRED annual with seasonal adjustment
2018-07-01,2.15,Interpolated from FRED annual with seasonal adjustment
2018-08-01,2.26,Interpolated from FRED annual with seasonal adjustment
2018-09-01,2.3,Interpolated from FRED annual with seasonal adjustment
2018-10-01,2.19,Interpolated from FRED annual with seasonal adjustment
2018-11-01,2.08,Interpolated from FRED annual with seasonal adjustment
2018-12-01,2.44,Interpolated from FRED annual with seasonal adjustment
2019-01-01,3.37,Interpolated from FRED annual with seasonal adjustment
2019-02-01,3.32,Interpolated from FRED annual with seasonal adjustment
2019-03-01,3.45,Interpolated from FRED annual with seasonal adjustment
2019-04-01,3.39,Interpolated from FRED annual with seasonal adjustment
2019-05-01,3.26,Interpolated from FRED annual with seasonal adjustment
2019-06-01,3.46,Interpolated from FRED annual with seasonal adjustment
2019-07-01,3.56,Interpolated from FRED annual with seasonal adjustment
2019-08-01,3.74,Interpolated from FRED annual with seasonal adjustment
2019-09-01,3.8,Interpolated from FRED annual with seasonal adjustment
2019-10-01,3.62,Interpolated from FRED annual with seasonal adjustment
2019-11-01,3.43,Interpolated from FRED annual with seasonal adjustment
2019-12-01,4.03,Interpolated from FRED annual with seasonal adjustment
2020-01-01,5.88,Interpolated from FRED annual with seasonal adjustment
2020-02-01,5.79,Interpolated from FRED annual with seasonal adjustment
2020-03-01,6.02,Interpolated from FRED annual with seasonal adjustment
2020-04-01,5.92,Interpolated from FRED annual with seasonal adjustment
2020-05-01,5.68,Interpolated from FRED annual with seasonal adjustment
2020-06-01,6.03,Interpolated from FRED annual with seasonal adjustment
2020-07-01,6.21,Interpolated from FRED annual with seasonal adjustment
2020-08-01,6.52,Interpolated from FRED annual with seasonal adjustment
2020-09-01,6.62,Interpolated from FRED annual with seasonal adjustment
2020-10-01,6.31,Interpolated from FRED annual with seasonal adjustment
2020-11-01,5.99,Interpolated from FRED annual with seasonal adjustment
2020-12-01,7.02,Interpolated from FRED annual with seasonal adjustment
2021-01-01,6.7,Interpolated from FRED annual with seasonal adjustment
2021-02-01,6.6,Interpolated from FRED annual with seasonal adjustment
2021-03-01,6.86,Interpolated from FRED annual with seasonal adjustment
2021-04-01,6.75,Interpolated from FRED annual with seasonal adjustment
2021-05-01,6.48,Interpolated from FRED annual with seasonal adjustment
2021-06-01,6.88,Interpolated from FRED annual with seasonal adjustment
2021-07-01,7.08,Interpolated from FRED annual with seasonal adjustment
2021-08-01,7.44,Interpolated from FRED annual with seasonal adjustment
2021-09-01,7.55,Interpolated from FRED annual with seasonal adjustment
2021-10-01,7.19,Interpolated from FRED annual with seasonal adjustment
2021-11-01,6.83,Interpolated from FRED annual with seasonal adjustment
2021-12-01,8.01,Interpolated from FRED annual with seasonal adjustment
2022-01-01,47.48,Interpolated from FRED annual with seasonal adjustment
2022-02-01,46.76,Interpolated from FRED annual with seasonal adjustment
2022-03-01,48.62,Interpolated from FRED annual with seasonal adjustment
2022-04-01,47.84,Interpolated from FRED annual with seasonal adjustment
2022-05-01,45.92,Interpolated from FRED annual with seasonal adjustment
2022-06-01,48.74,Interpolated from FRED annual with seasonal adjustment
2022-07-01,50.18,Interpolated from FRED annual with seasonal adjustment
2022-08-01,52.71,Interpolated from FRED annual with seasonal adjustment
2022-09-01,53.49,Interpolated from FRED annual with seasonal adjustment
2022-10-01,50.96,Interpolated from FRED annual with seasonal adjustment
2022-11-01,48.38,Interpolated from FRED annual with seasonal adjustment
2022-12-01,56.76,Interpolated from FRED annual with seasonal adjustment
2023-01-01,15.79,Interpolated from FRED annual with seasonal adjustment
2023-02-01,15.56,Interpolated from FRED annual with seasonal adjustment
2023-03-01,16.17,Interpolated from FRED annual with seasonal adjustment
2023-04-01,15.91,Interpolated from FRED annual with seasonal adjustment
2023-05-01,15.28,Interpolated from FRED annual with seasonal adjustment
2023-06-01,16.21,Interpolated from FRED annual with seasonal adjustment
2023-07-01,16.69,Interpolated from FRED annual with seasonal adjustment
2023-08-01,17.53,Interpolated from FRED annual with seasonal adjustment
2023-09-01,17.79,Interpolated from FRED annual with seasonal adjustment
2023-10-01,16.95,Interpolated from FRED annual with seasonal adjustment
2023-11-01,16.09,Interpolated from FRED annual with seasonal adjustment
2023-12-01,18.88,Interpolated from FRED annual with seasonal adjustment
2024-01-01,-0.41,Interpolated from FRED annual with seasonal adjustment
2024-02-01,-0.4,Interpolated from FRED annual with seasonal adjustment
2024-03-01,-0.42,Interpolated from FRED annual with seasonal adjustment
2024-04-01,-0.41,Interpolated from FRED annual with seasonal adjustment
2024-05-01,-0.4,Interpolated from FRED annual with seasonal adjustment
2024-06-01,-0.42,Interpolated from FRED annual with seasonal adjustment
2024-07-01,-0.43,Interpolated from FRED annual with seasonal adjustment
2024-08-01,-0.46,Interpolated from FRED annual with seasonal adjustment
2024-09-01,-0.46,Interpolated from FRED annual with seasonal adjustment
2024-10-01,-0.44,Interpolated from FRED annual with seasonal adjustment
2024-11-01,-0.42,Interpolated from FRED annual with seasonal adjustment
2024-12-01,-0.49,Interpolated from FRED annual with seasonal adjustment
