awcmr,real_policy_rate,gross_reserves_usd_m,ncpi_yoy_pct,date,regime,regime_label,zscore_regime
8.5,-2.6099999999999994,2249.0,11.11,2005-01-01,2,STRESS,CALM
8.190000000000001,-2.4499999999999997,2293.0,10.95,2005-02-01,2,STRESS,CALM
7.775,-2.880000000000001,2337.0,11.38,2005-03-01,2,STRESS,CALM
8.25,-2.6999999999999997,2382.0,11.2,2005-04-01,2,STRESS,CALM
8.75,-2.25,2426.0,10.75,2005-05-01,2,STRESS,CALM
9.0,-2.91,2470.0,11.41,2005-06-01,2,STRESS,CALM
9.72,-3.25,2514.0,11.75,2005-07-01,2,STRESS,CALM
9.5,-3.84,2558.0,12.34,2005-08-01,2,STRESS,CALM
10.13,-4.02,2602.0,12.52,2005-09-01,2,STRESS,CALM
10.2,-3.43,2647.0,11.93,2005-10-01,2,STRESS,CALM
10.435,-2.83,2691.0,11.33,2005-11-01,2,STRESS,CALM
10.74,-4.789999999999999,2735.0,13.29,2005-12-01,2,STRESS,CALM
9.94,-0.9900000000000002,2743.0,9.57,2006-01-01,2,STRESS,CALM
9.925,-0.75,2751.0,9.42,2006-02-01,2,STRESS,CALM
10.44,-1.0500000000000007,2759.0,9.8,2006-03-01,2,STRESS,CALM
10.005,-0.8100000000000005,2767.0,9.64,2006-04-01,2,STRESS,CALM
10.675,-0.33,2775.0,9.25,2006-05-01,2,STRESS,CALM
10.625,-0.8200000000000003,2784.0,9.82,2006-06-01,2,STRESS,CALM
11.25,-1.0299999999999994,2792.0,10.11,2006-07-01,2,STRESS,CALM
11.2,-1.4499999999999993,2800.0,10.62,2006-08-01,2,STRESS,CALM
14.375,-1.5299999999999994,2808.0,10.78,2006-09-01,2,STRESS,CALM
13.14,-0.9399999999999996,2816.0,10.27,2006-10-01,2,STRESS,CALM
11.5,-0.33,2824.0,9.75,2006-11-01,2,STRESS,CALM
13.94,-1.9399999999999995,2832.0,11.44,2006-12-01,2,STRESS,CALM
12.5,-5.550000000000001,2889.0,15.13,2007-01-01,2,STRESS,CALM
15.25,-5.23,2946.0,14.9,2007-02-01,2,STRESS,CALM
16.0,-5.74,3004.0,15.49,2007-03-01,2,STRESS,CALM
13.0,-5.41,3061.0,15.24,2007-04-01,2,STRESS,CALM
16.0,-4.710000000000001,3118.0,14.63,2007-05-01,2,STRESS,CALM
16.125,-5.529999999999999,3175.0,15.53,2007-06-01,2,STRESS,CALM
13.75,-5.91,3232.0,15.99,2007-07-01,2,STRESS,CALM
15.315,-6.619999999999999,3290.0,16.79,2007-08-01,2,STRESS,CALM
22.0,-6.789999999999999,3347.0,17.04,2007-09-01,2,STRESS,CRISIS
12.625,-5.909999999999998,3404.0,16.24,2007-10-01,2,STRESS,CALM
13.25,-4.99,3461.0,15.41,2007-11-01,2,STRESS,CALM
28.0,-7.579999999999998,3518.0,18.08,2007-12-01,2,STRESS,CRISIS
13.875,-10.97,3443.0,21.55,2008-01-01,2,STRESS,CALM
15.5,-10.55,3368.0,21.22,2008-02-01,2,STRESS,CALM
18.25,-11.31,3293.0,22.06,2008-03-01,2,STRESS,STRESS
13.125,-10.88,3218.0,21.71,2008-04-01,2,STRESS,CALM
14.0,-9.92,3143.0,20.84,2008-05-01,2,STRESS,CALM
12.94,-11.12,3067.0,22.12,2008-06-01,2,STRESS,CALM
12.815,-11.69,2992.0,22.77,2008-07-01,2,STRESS,CALM
16.375,-12.750000000000002,2917.0,23.92,2008-08-01,2,STRESS,STRESS
19.25,-13.02,2842.0,24.27,2008-09-01,2,STRESS,STRESS
16.689999999999998,-11.8,2767.0,23.13,2008-10-01,2,STRESS,STRESS
15.75,-10.54,2692.0,21.96,2008-11-01,2,STRESS,CALM
16.625,-14.260000000000002,2617.0,25.76,2008-12-01,2,STRESS,STRESS
15.5,7.979999999999999,2845.0,3.31,2009-01-01,2,STRESS,CALM
13.055,7.82,3073.0,3.26,2009-02-01,2,STRESS,CALM
11.875,7.49,3301.0,3.39,2009-03-01,2,STRESS,CALM
10.125,7.34,3529.0,3.33,2009-04-01,2,STRESS,CALM
10.5,7.260000000000001,3757.0,3.2,2009-05-01,2,STRESS,CALM
9.375,6.85,3985.0,3.4,2009-06-01,2,STRESS,CALM
9.6,6.539999999999999,4213.0,3.5,2009-07-01,2,STRESS,CALM
9.25,6.16,4441.0,3.67,2009-08-01,2,STRESS,CALM
8.75,5.889999999999999,4669.0,3.73,2009-09-01,2,STRESS,CALM
8.75,5.87,4897.0,3.55,2009-10-01,1,CALM,CALM
8.95,5.840000000000001,5126.0,3.37,2009-11-01,1,CALM,CALM
8.525,5.04,5354.0,3.96,2009-12-01,1,CALM,CALM
9.19,2.9400000000000004,5507.0,5.94,2010-01-01,1,CALM,CALM
8.875,2.9000000000000004,5661.0,5.85,2010-02-01,1,CALM,CALM
8.875,2.539999999999999,5814.0,6.08,2010-03-01,1,CALM,CALM
8.925,2.52,5968.0,5.98,2010-04-01,1,CALM,CALM
8.325,2.640000000000001,6121.0,5.74,2010-05-01,1,CALM,CALM
8.625,2.16,6274.0,6.09,2010-06-01,1,CALM,CALM
8.925,1.839999999999999,6428.0,6.28,2010-07-01,1,CALM,CALM
8.01,1.41,6581.0,6.59,2010-08-01,1,CALM,CALM
8.0,1.1899999999999995,6735.0,6.69,2010-09-01,1,CALM,CALM
7.975,1.38,6888.0,6.37,2010-10-01,1,CALM,CALM
7.675,1.5700000000000005,7042.0,6.05,2010-11-01,1,CALM,CALM
8.05,0.4000000000000003,7195.0,7.1,2010-12-01,1,CALM,CALM
7.505,1.0499999999999998,7157.0,6.41,2011-01-01,1,CALM,CALM
7.725,1.0999999999999996,7119.0,6.32,2011-02-01,1,CALM,CALM
7.575,0.8099999999999996,7081.0,6.57,2011-03-01,1,CALM,CALM
7.7,0.8700000000000001,7043.0,6.46,2011-04-01,1,CALM,CALM
7.59,1.09,7005.0,6.2,2011-05-01,1,CALM,CALM
8.025,0.6699999999999999,6967.0,6.58,2011-06-01,1,CALM,CALM
7.7,0.4299999999999997,6929.0,6.78,2011-07-01,1,CALM,CALM
7.95,0.0499999999999998,6891.0,7.12,2011-08-01,1,CALM,CALM
8.05,-0.1100000000000003,6853.0,7.23,2011-09-01,1,CALM,CALM
8.025,0.2000000000000001,6815.0,6.88,2011-10-01,1,CALM,CALM
8.5,0.5,6777.0,6.54,2011-11-01,1,CALM,CALM
8.925,-0.6699999999999999,6739.0,7.67,2011-12-01,1,CALM,CALM
8.775,-0.1200000000000001,6770.0,7.2,2012-01-01,1,CALM,CALM
9.6,0.08,6800.0,7.09,2012-02-01,1,CALM,CALM
9.2,-0.1299999999999999,6831.0,7.38,2012-03-01,1,CALM,CALM
9.625,0.0700000000000002,6862.0,7.26,2012-04-01,1,CALM,CALM
9.925,0.4500000000000002,6892.0,6.97,2012-05-01,1,CALM,CALM
10.25,0.1100000000000003,6923.0,7.39,2012-06-01,1,CALM,CALM
10.475,-0.0300000000000002,6953.0,7.61,2012-07-01,1,CALM,CALM
10.575,-0.33,6984.0,8.0,2012-08-01,1,CALM,CALM
10.55,-0.3599999999999994,7015.0,8.11,2012-09-01,1,CALM,CALM
10.5,0.0999999999999996,7045.0,7.73,2012-10-01,1,CALM,CALM
10.35,0.5800000000000001,7076.0,7.34,2012-11-01,1,CALM,CALM
9.675,-0.6099999999999994,7106.0,8.61,2012-12-01,1,CALM,CALM
9.625,1.3600000000000003,7139.0,6.6,2013-01-01,1,CALM,CALM
9.425,1.42,7172.0,6.5,2013-02-01,1,CALM,CALM
9.425,1.12,7205.0,6.76,2013-03-01,1,CALM,CALM
9.475,1.1799999999999995,7238.0,6.65,2013-04-01,1,CALM,CALM
9.0,1.41,7270.0,6.38,2013-05-01,1,CALM,CALM
8.75,0.9800000000000004,7303.0,6.77,2013-06-01,1,CALM,CALM
8.775,0.7400000000000002,7336.0,6.97,2013-07-01,1,CALM,CALM
8.7,0.3499999999999996,7369.0,7.32,2013-08-01,1,CALM,CALM
8.425,0.1900000000000004,7402.0,7.43,2013-09-01,1,CALM,CALM
7.85,0.5,7434.0,7.08,2013-10-01,1,CALM,CALM
7.785,0.8200000000000003,7467.0,6.72,2013-11-01,1,CALM,CALM
7.625,-0.3899999999999997,7500.0,7.89,2013-12-01,1,CALM,CALM
7.45,4.38,7559.0,3.04,2014-01-01,1,CALM,CALM
6.95,4.34,7618.0,2.99,2014-02-01,1,CALM,CALM
6.95,4.140000000000001,7678.0,3.11,2014-03-01,1,CALM,CALM
6.925000000000001,4.109999999999999,7737.0,3.06,2014-04-01,1,CALM,CALM
6.95,4.140000000000001,7796.0,2.94,2014-05-01,1,CALM,CALM
6.975,3.88,7855.0,3.12,2014-06-01,1,CALM,CALM
6.725,3.71,7915.0,3.21,2014-07-01,1,CALM,CALM
6.7,3.46,7974.0,3.37,2014-08-01,1,CALM,CALM
5.699999999999999,3.33,8033.0,3.42,2014-09-01,1,CALM,CALM
6.0,3.41,8092.0,3.26,2014-10-01,1,CALM,CALM
5.975,3.49,8152.0,3.09,2014-11-01,1,CALM,CALM
6.25,2.87,8211.0,3.63,2014-12-01,1,CALM,CALM
6.1,2.86,8135.0,3.6,2015-01-01,1,CALM,CALM
6.375,2.88,8059.0,3.54,2015-02-01,1,CALM,CALM
6.625,2.7,7984.0,3.68,2015-03-01,1,CALM,CALM
6.15,2.7,7908.0,3.63,2015-04-01,1,CALM,CALM
6.05,2.81,7832.0,3.48,2015-05-01,1,CALM,CALM
6.125,2.56,7756.0,3.69,2015-06-01,1,CALM,CALM
6.1,2.41,7681.0,3.8,2015-07-01,1,CALM,CALM
6.275,2.18,7605.0,3.99,2015-08-01,1,CALM,CALM
6.35,2.0700000000000003,7529.0,4.05,2015-09-01,1,CALM,CALM
6.3,2.22,7454.0,3.86,2015-10-01,1,CALM,CALM
6.3,2.37,7378.0,3.67,2015-11-01,1,CALM,CALM
6.4,1.7000000000000002,7302.0,4.3,2015-12-01,1,CALM,CALM
6.75,2.3000000000000003,7194.0,3.78,2016-01-01,1,CALM,CALM
7.525,2.45,7086.0,3.72,2016-02-01,1,CALM,CALM
8.075,2.38,6979.0,3.87,2016-03-01,1,CALM,CALM
8.100000000000001,2.52,6871.0,3.81,2016-04-01,1,CALM,CALM
8.16,2.76,6763.0,3.66,2016-05-01,1,CALM,CALM
8.19,2.62,6655.0,3.88,2016-06-01,1,CALM,CALM
8.4,2.58,6547.0,4.0,2016-07-01,1,CALM,CALM
8.4,2.47,6439.0,4.2,2016-08-01,1,CALM,CALM
8.42,2.49,6332.0,4.26,2016-09-01,1,CALM,CALM
8.42,2.7700000000000005,6224.0,4.06,2016-10-01,1,CALM,CALM
8.43,3.07,6116.0,3.85,2016-11-01,1,CALM,CALM
8.42,2.4800000000000004,6008.0,4.52,2016-12-01,1,CALM,CALM
8.375,-0.3200000000000003,6171.0,7.36,2017-01-01,1,CALM,CALM
8.495000000000001,-0.1600000000000001,6333.0,7.24,2017-02-01,1,CALM,CALM
8.75,-0.4100000000000001,6496.0,7.53,2017-03-01,1,CALM,CALM
8.7,-0.2400000000000002,6658.0,7.41,2017-04-01,1,CALM,CALM
8.725,0.0999999999999996,6821.0,7.11,2017-05-01,1,CALM,CALM
8.75,-0.2999999999999998,6984.0,7.55,2017-06-01,1,CALM,CALM
8.725,-0.4900000000000002,7146.0,7.78,2017-07-01,1,CALM,CALM
8.125,-0.8399999999999999,7309.0,8.17,2017-08-01,1,CALM,CALM
8.15,-0.9099999999999993,7471.0,8.29,2017-09-01,1,CALM,CALM
8.175,-0.4800000000000004,7634.0,7.9,2017-10-01,1,CALM,CALM
8.175,-0.04,7796.0,7.5,2017-11-01,1,CALM,CALM
8.175,-1.2899999999999991,7959.0,8.79,2017-12-01,1,CALM,CALM
9.0,5.3,6973.0,2.7,2019-01-01,1,CALM,CALM
8.975,5.6,7215.0,2.4,2019-02-01,1,CALM,CALM
8.51,5.0,7468.0,3.0,2019-03-01,1,CALM,CALM
8.475,3.5,7654.0,4.5,2019-04-01,1,CALM,CALM
7.95,3.9,8413.0,4.1,2019-05-01,1,CALM,CALM
7.875,3.3,8649.0,4.7,2019-06-01,1,CALM,CALM
7.725,3.6,8580.0,4.4,2019-07-01,1,CALM,CALM
7.425,3.4000000000000004,8081.0,4.6,2019-08-01,1,CALM,CALM
7.425000000000001,3.2,7695.0,4.8,2019-09-01,1,CALM,CALM
7.425000000000001,3.0,7661.0,5.0,2019-10-01,1,CALM,CALM
7.46,3.9,7583.0,4.1,2019-11-01,1,CALM,CALM
7.475,3.2,7642.0,4.8,2019-12-01,1,CALM,CALM
7.0,3.3,7510.0,4.7,2020-01-01,1,CALM,CALM
6.95,2.0,7288.0,5.5,2020-02-01,1,CALM,CALM
6.75,1.5999999999999996,7232.0,5.9,2020-03-01,1,CALM,CALM
6.425000000000001,2.05,7085.0,5.2,2020-04-01,1,CALM,CALM
5.824999999999999,2.5,6905.0,4.0,2020-05-01,1,CALM,CALM
5.55,2.1,6667.0,4.4,2020-06-01,1,CALM,CALM
4.54,1.5,6670.0,5.0,2020-07-01,1,CALM,CALM
4.53,-0.7999999999999998,6840.0,6.3,2020-08-01,1,CALM,CALM
4.535,0.7000000000000002,6823.0,4.8,2020-09-01,1,CALM,CALM
4.535,1.4000000000000004,6861.0,4.1,2020-10-01,1,CALM,CALM
4.54,1.5,5670.0,4.0,2020-11-01,1,CALM,CALM
4.54,1.2999999999999998,5664.0,4.2,2020-12-01,1,CALM,CALM
4.545,1.2999999999999998,5034.0,4.2,2021-01-01,1,CALM,CALM
4.545,0.4000000000000003,4836.0,5.1,2021-02-01,1,CALM,CALM
4.625,0.0,4495.0,5.5,2021-03-01,2,STRESS,CALM
4.65,0.0,4555.0,5.5,2021-04-01,2,STRESS,CALM
4.675,0.5,4538.0,5.0,2021-05-01,2,STRESS,CALM
4.875,0.2999999999999998,4003.0,5.2,2021-06-01,2,STRESS,CALM
5.1,-0.5,2842.0,6.0,2021-07-01,2,STRESS,CALM
5.8,-0.5,2771.0,6.0,2021-08-01,2,STRESS,CALM
5.925000000000001,-0.7000000000000002,2506.0,6.2,2021-09-01,2,STRESS,CALM
5.9,-2.1,2287.0,7.6,2021-10-01,2,STRESS,CALM
5.91,-4.4,1603.0,9.9,2021-11-01,2,STRESS,CALM
5.94,-6.6,1594.0,12.1,2021-12-01,2,STRESS,CALM
6.45,-8.7,2361.0,14.2,2022-01-01,2,STRESS,CALM
6.475,-9.1,2315.0,15.1,2022-02-01,2,STRESS,CALM
7.475,-12.7,1932.0,18.7,2022-03-01,2,STRESS,CALM
14.5,-23.3,1892.0,29.8,2022-04-01,0,CRISIS,STRESS
14.5,-24.6,1915.0,39.1,2022-05-01,0,CRISIS,STRESS
14.5,-40.1,1856.0,54.6,2022-06-01,0,CRISIS,CRISIS
15.5,-46.3,1817.0,60.8,2022-07-01,0,CRISIS,CRISIS
15.5,-48.8,1719.0,64.3,2022-08-01,0,CRISIS,CRISIS
15.5,-54.3,1769.0,69.8,2022-09-01,0,CRISIS,CRISIS
15.5,-50.5,1734.0,66.0,2022-10-01,0,CRISIS,CRISIS
15.5,-45.5,1851.0,61.0,2022-11-01,0,CRISIS,CRISIS
15.5,-41.7,1895.0,57.2,2022-12-01,0,CRISIS,CRISIS
15.5,-37.7,2129.0,53.2,2023-01-01,0,CRISIS,CRISIS
15.5,-35.1,2220.0,50.6,2023-02-01,0,CRISIS,CRISIS
16.375,-34.8,2692.0,50.3,2023-03-01,0,CRISIS,CRISIS
16.5,-19.8,3132.0,35.3,2023-04-01,2,STRESS,STRESS
16.5,-9.7,3243.0,25.2,2023-05-01,2,STRESS,STRESS
13.625,0.0,3442.0,12.0,2023-06-01,2,STRESS,CALM
11.45,5.7,3629.0,6.3,2023-07-01,2,STRESS,CALM
11.5,7.0,3615.0,4.0,2023-08-01,2,STRESS,CALM
11.625,9.7,3565.0,1.3,2023-09-01,2,STRESS,CALM
10.25,11.8,3759.0,-0.8,2023-10-01,2,STRESS,CALM
9.1,11.2,4095.0,-1.2,2023-11-01,2,STRESS,CALM
9.225,9.6,4381.0,0.4,2023-12-01,2,STRESS,CALM
9.1,10.0,4479.0,0.0,2024-01-01,2,STRESS,CALM
9.225,10.9,4616.0,-0.9,2024-02-01,2,STRESS,CALM
8.825,12.5,4968.0,-2.5,2024-03-01,2,STRESS,CALM
8.55,10.2,5023.0,-0.7,2024-04-01,2,STRESS,CALM
8.625,10.5,5426.0,-1.0,2024-05-01,2,STRESS,CALM
8.65,9.3,5576.0,0.2,2024-06-01,2,STRESS,CALM
8.55,8.25,5609.0,1.0,2024-07-01,1,CALM,CALM
8.75,6.75,6220.0,2.5,2024-08-01,1,CALM,CALM
8.675,7.15,6120.0,2.1,2024-09-01,1,CALM,CALM
8.525,5.1,6041.0,2.9,2024-10-01,1,CALM,CALM
8.16,5.3,6227.0,2.7,2024-11-01,1,CALM,CALM
8.0,5.05,6227.0,2.7,2024-12-01,1,CALM,CALM
8.0,5.05,6227.0,2.7,2025-01-01,1,CALM,CALM
7.81,5.05,6227.0,2.7,2025-02-01,1,CALM,CALM
7.95,5.05,6227.0,2.7,2025-03-01,1,CALM,CALM
7.98,5.05,6227.0,2.7,2025-04-01,1,CALM,CALM
7.75,5.05,6227.0,2.7,2025-05-01,1,CALM,CALM
7.75,5.05,6227.0,2.7,2025-06-01,1,CALM,CALM
7.8,5.05,6227.0,2.7,2025-07-01,1,CALM,CALM
7.855,5.05,6227.0,2.7,2025-08-01,1,CALM,CALM
7.865,5.05,6227.0,2.7,2025-09-01,1,CALM,CALM
